header_name,price,price_for_m2
"Nowe mieszkanie | ogródek, m.post. | SKM | miasto",499 000,11648zł/m²
3 pok. Generalny remont. Bezpośrednio.,599 000,11093zł/m²
Biskupa Dominika Możliwość aranżacji na 3 pokoje.,535 000,10490zł/m²
2-pokojowe mieszkanie 39m2 + balkon,544 587,13763zł/m²
1-pokojowe mieszkanie 33m2 + balkon Bez Prowizji,Zapytaj o cenę,13763zł/m²
przestronne 3-pokojowe mieszkanie z balkonem!,445 000,8396zł/m²
2-pokojowe mieszkanie 40m2 + balkon Bezpośrednio,Zapytaj o cenę,8396zł/m²
"Mieszkanie 46,23 M2 Gdynia, Dobra Lokalizacja",499 900,10813zł/m²
Mieszkanie Do Własnej Aranżacji Gdynia Cisowa,449 000,8424zł/m²
2-pokojowe mieszkanie 38m2 + balkon Bezpośrednio,Zapytaj o cenę,8424zł/m²
2 pokojowe mieszkanie z pięknym widokiem,544 900,12974zł/m²
"Winda, Osobna Kuchnia, Osiedle Jantarowa",549 000,11390zł/m²
Mieszkanie - Gdynia Pogórze,525 000,9243zł/m²
Narożne_Ładny Widok_Promocja..hala Gratis !!!,524 000,10275zł/m²
"Gdynia Ul. Jantarowa 2 Pokoje 49,30 M2",495 000,10041zł/m²
Bezczynszowe Mieszkanie Blisko Lasu,410 000,10649zł/m²
"Słoneczne 2 pokoje, deweloperskie, PROJEKT w cenie",596 400,14200zł/m²
2 Pok./ Bliskość Komunikacji/,399 000,9322zł/m²
2-pokojowe mieszkanie w Gdyni – ulica Komandorska,570 000,11875zł/m²
3-pokojowe mieszkanie | balkon | Oksywie,499 000,7921zł/m²
Przytulne 2 pokoje na Kamiennej Górze,549 990,14473zł/m²
Mieszkanie Gdynia Leszczynki blisko SKM-,399 000,9610zł/m²
Dwa pokoje po kapitalnym remoncie! - WITOMINO,459 995,10875zł/m²
Przestronny 3-Pokojowy Lokal Gdynia Karwiny,570 000,9029zł/m²
"Przedsprzedaż, NAJLEPSZA cena kawalerka",319 800,11693zł/m²
1-pokojowe mieszkanie 28m2 Bezpośrednio,Zapytaj o cenę,11693zł/m²
Najtańsze 3 pokoje + Hala Garażowa_bez PCC,508 600,10172zł/m²
2-pokojowe mieszkanie 39m2 + balkon,544 587,13763zł/m²
